{
    "GEARBOX": {
        "generator_bearing_temperature_average": -107.35774230957031,
        "rotor_rotations_per_minute_std": -26.847347259521484,
        "average_ambient_wind_speed": -29.42613410949707,
        "average_absolute_ambient_wind_direction": -113.27230072021484,
        "average_ambient_temperature": -299.08880615234375,
        "average_controller_top_temperature": -135.6184539794922,
        "average_controller_hub_temperature": -606.9886474609375,
        "average_grid_rotor_inverter_phase_3_temperature": -208.9569091796875,
        "grid_production_current_phase_1_average": -65.964111328125,
        "grid_production_power_maximum": -135.78005981445312,
        "generator_bearing2_temperature_average": -110.3930435180664,
        "var_windspeed2": -23.37083625793457,
        "pressure_sensor_average_frequency": -83.63534545898438
    },
    "GENERATOR": {
        "average_generator_phase_1_temperature": -87.45511627197266,
        "hydraulic_group_oil_temperature_average": -242.09568786621094,
        "average_nacelle_temperature": -264.6437683105469,
        "rotor_rotations_per_minute_min": -21.116302490234375,
        "minimum_ambient_wind_speed": -34.93910217285156,
        "average_ambient_wind_speed": -28.664749145507812,
        "latest_average_reactive_power_generated_by_generator_0": -122.71273803710938,
        "average_high_voltage_transformer_phase_1_temperature": -126.87237548828125,
        "average_controller_vcp_(variable_control_panel)_temperature": -135.28656005859375,
        "average_generator_slip_ring_temperature": -87.85580444335938,
        "average_spinner_temperature": -49.458797454833984,
        "grid_production_voltage_phase_1_average": -615.069580078125,
        "grid_production_current_phase_1_average": -67.32234191894531,
        "grid_production_reactive_power_maximum": -199.61599731445312,
        "var_windspeed2": -53.053897857666016,
        "var_windspeed3": -62.59716796875,
        "maximum_atmospheric_pressure": -72.3665771484375
    },
    "HYDRAULIC_GROUP": {
        "generator_rotations_per_minute_min": -4.9055891036987305,
        "generator_bearing_temperature_average": -53.14624786376953,
        "hydraulic_group_oil_temperature_average": -276.5246887207031,
        "average_nacelle_temperature": -199.4131622314453,
        "average_ambient_wind_speed": -3.6493868827819824,
        "average_ambient_temperature": -58.167301177978516,
        "average_high_voltage_transformer_phase_3_temperature": -59.55050277709961,
        "average_controller_hub_temperature": -148.9263916015625,
        "average_controller_vcp_(variable_control_panel)_temperature": -16.931861877441406,
        "average_spinner_temperature": -231.60011291503906,
        "maximum_blades_pitch_angle": -75.60636901855469,
        "average_controller_vcp_choke_coil_temperature": -24.177701950073242,
        "average_controller_vcp_water_temperature": -35.95541000366211,
        "grid_production_voltage_phase_1_average": -128.2787322998047,
        "grid_production_voltage_phase_2_average": -569.70166015625,
        "grid_production_voltage_phase_3_average": -148.89697265625,
        "grid_production_possible_power_maximum": -12.70709228515625,
        "generator_bearing2_temperature_average": -23.157798767089844,
        "max_windspeed3": -27.058692932128906,
        "anemometer_2_average_frequency": -53.06200408935547
    },
    "GENERATOR_BEARING": {
        "generator_rotations_per_minute_average": -16.506755828857422,
        "average_absolute_ambient_wind_direction": -116.50666809082031,
        "average_ambient_temperature": -53.995582580566406,
        "average_high_voltage_transformer_phase_1_temperature": -292.26263427734375,
        "average_high_voltage_transformer_phase_3_temperature": -540.0693359375,
        "average_controller_top_temperature": -152.85824584960938,
        "average_generator_slip_ring_temperature": -45.901275634765625,
        "maximum_blades_pitch_angle": -105.59243774414062,
        "grid_production_voltage_phase_2_average": -391.0487365722656,
        "grid_production_voltage_phase_3_average": -233.70176696777344,
        "ambient_wind_speed_estimated_average": -39.500946044921875,
        "grid_production_power_standard_deviation": -25.974689483642578,
        "generator_bearing2_temperature_average": -171.03070068359375,
        "average_atmospheric_pressure": -188.22792053222656
    },
    "TRANSFORMER": {
        "generator_rotations_per_minute_std": -30.955413818359375,
        "hydraulic_group_oil_temperature_average": -254.47262573242188,
        "gearbox_oil_temprature_average": -68.25807189941406,
        "average_high_voltage_transformer_phase_3_temperature": -712.0123291015625,
        "average_grid_inverter_phase_1_temperature": -106.95433807373047,
        "average_controller_top_temperature": -96.39549255371094,
        "average_controller_hub_temperature": 91.60450744628906,
        "average_spinner_temperature": -454.58984375,
        "maximum_blades_pitch_angle": -47.464481353759766,
        "average_grid_rotor_inverter_phase_1_temperature": -15.885723114013672,
        "grid_production_voltage_phase_2_average": -787.4876708984375,
        "grid_production_power_minimum": -53.621070861816406,
        "grid_production_reactive_power_maximum": 1.49444580078125,
        "grid_production_possible_power_average": 7.9942307472229,
        "generator_bearing2_temperature_average": 20.791996002197266,
        "nacelle_direction_average": -205.70834350585938,
        "var_windspeed2": -1.0003662109375,
        "min_ambienttemp": 17.823270797729492,
        "max_ambienttemp": -37.63697814941406,
        "avg_ambienttemp": -84.77666473388672
    }
}