{
    "GEARBOX": {
        "generator_rotations_per_minute_min": 4.98661470413208,
        "generator_bearing_temperature_average": -130.63931274414062,
        "minimum_ambient_wind_speed": -39.161659240722656,
        "average_absolute_ambient_wind_direction": -138.69979858398438,
        "average_ambient_temperature": -297.1307373046875,
        "average_controller_top_temperature": -226.30445861816406,
        "average_controller_hub_temperature": -662.5772094726562,
        "average_grid_rotor_inverter_phase_2_temperature": -77.06285858154297,
        "average_grid_rotor_inverter_phase_3_temperature": -129.38662719726562,
        "grid_production_frequency_average": -45.6205940246582,
        "grid_production_power_maximum": -146.40829467773438,
        "generator_bearing2_temperature_average": -233.6373291015625,
        "max_windspeed3": -46.57018280029297
    },
    "GENERATOR": {
        "generator_rotations_per_minute_max": -42.27412033081055,
        "generator_rotations_per_minute_average": -65.58101654052734,
        "average_generator_phase_1_temperature": -62.42633819580078,
        "average_generator_phase_3_temperature": -51.423805236816406,
        "hydraulic_group_oil_temperature_average": -242.29071044921875,
        "average_nacelle_temperature": -227.27914428710938,
        "minimum_ambient_wind_speed": -8.560442924499512,
        "average_ambient_wind_speed": -101.30977630615234,
        "average_ambient_temperature": -24.175384521484375,
        "latest_average_reactive_power_generated_by_generator_0": -109.31281280517578,
        "latest_average_total_reactive_power": -27.48128890991211,
        "average_high_voltage_transformer_phase_1_temperature": 30.59343910217285,
        "average_high_voltage_transformer_phase_3_temperature": -280.33984375,
        "average_controller_top_temperature": -122.95448303222656,
        "average_spinner_temperature": -77.98309326171875,
        "average_controller_vcp_water_temperature": -31.565078735351562,
        "grid_production_voltage_phase_1_average": -520.2259521484375,
        "grid_production_reactive_power_maximum": -174.04049682617188,
        "var_windspeed2": -66.04176330566406,
        "maximum_atmospheric_pressure": -93.44781494140625
    },
    "HYDRAULIC_GROUP": {
        "generator_rotations_per_minute_std": -39.93806457519531,
        "generator_bearing_temperature_average": -26.282676696777344,
        "hydraulic_group_oil_temperature_average": -171.57778930664062,
        "average_nacelle_temperature": -128.6406707763672,
        "average_ambient_wind_speed": 4.684401512145996,
        "average_ambient_temperature": -39.50724411010742,
        "latest_average_total_reactive_power": -23.60780143737793,
        "average_controller_hub_temperature": -84.72210693359375,
        "average_controller_vcp_(variable_control_panel)_temperature": -43.414794921875,
        "average_spinner_temperature": -122.74768829345703,
        "maximum_blades_pitch_angle": -56.613224029541016,
        "average_controller_vcp_choke_coil_temperature": -18.844287872314453,
        "grid_production_power_average": -20.128868103027344,
        "grid_production_voltage_phase_1_average": -81.87278747558594,
        "grid_production_voltage_phase_2_average": -366.09527587890625,
        "grid_production_voltage_phase_3_average": -91.31414794921875,
        "grid_production_possible_power_maximum": -9.777125358581543,
        "generator_bearing2_temperature_average": -14.781848907470703,
        "anemometer_2_average_frequency": -29.69443130493164
    },
    "GENERATOR_BEARING": {
        "generator_rotations_per_minute_average": -0.03280121088027954,
        "generator_rotations_per_minute_std": -34.63536834716797,
        "average_ambient_temperature": -27.844741821289062,
        "average_high_voltage_transformer_phase_1_temperature": -227.16348266601562,
        "average_high_voltage_transformer_phase_2_temperature": 16.380958557128906,
        "average_high_voltage_transformer_phase_3_temperature": -351.9033203125,
        "average_controller_top_temperature": -4.613993167877197,
        "average_controller_vcp_(variable_control_panel)_temperature": -80.12976837158203,
        "maximum_blades_pitch_angle": -17.80471420288086,
        "average_grid_rotor_inverter_phase_2_temperature": -6.876428604125977,
        "average_grid_rotor_inverter_phase_3_temperature": -60.939964294433594,
        "grid_production_voltage_phase_1_average": -83.27142333984375,
        "grid_production_voltage_phase_2_average": -222.90760803222656,
        "grid_production_voltage_phase_3_average": -137.9226837158203,
        "grid_production_power_standard_deviation": -5.258120536804199,
        "generator_bearing2_temperature_average": -130.85275268554688,
        "average_atmospheric_pressure": -82.22464752197266,
        "avg_precipitation": 6.859838962554932,
        "pressure_sensor_average_frequency": -20.87787628173828
    },
    "TRANSFORMER": {
        "generator_rotations_per_minute_std": -30.0357608795166,
        "hydraulic_group_oil_temperature_average": -194.5052490234375,
        "average_nacelle_temperature": 5.711120128631592,
        "latest_average_active_power_generated_by_generator_0": -10.292471885681152,
        "latest_average_active_power_generated_by_generator_1": -0.9015047550201416,
        "average_high_voltage_transformer_phase_3_temperature": -512.604248046875,
        "average_grid_inverter_phase_1_temperature": -42.3657341003418,
        "average_controller_top_temperature": -98.67877197265625,
        "average_controller_hub_temperature": 35.15748977661133,
        "average_spinner_temperature": -250.26022338867188,
        "average_blades_pitch_angle": 22.686052322387695,
        "average_grid_rotor_inverter_phase_1_temperature": -15.228639602661133,
        "grid_production_power_average": -2.584885597229004,
        "grid_production_voltage_phase_2_average": -590.05859375,
        "grid_production_power_minimum": -62.347965240478516,
        "grid_production_reactive_power_maximum": 4.066653251647949,
        "grid_production_possible_power_average": -9.113990783691406,
        "generator_bearing2_temperature_average": 13.491462707519531,
        "min_ambienttemp": 1.468770980834961,
        "max_ambienttemp": -27.73748779296875
    }
}