{
    "GEARBOX": {
        "generator_rotations_per_minute_min": 0.25610411167144775,
        "generator_bearing_temperature_average": -152.53311157226562,
        "rotor_rotations_per_minute_max": -25.33395767211914,
        "rotor_rotations_per_minute_std": -33.569435119628906,
        "std_ambient_wind_speed": -35.399871826171875,
        "average_absolute_ambient_wind_direction": -152.99679565429688,
        "average_ambient_temperature": -380.8946838378906,
        "average_high_voltage_transformer_phase_3_temperature": -129.6126251220703,
        "average_controller_hub_temperature": -468.70263671875,
        "maximum_blades_pitch_angle": -157.60739135742188,
        "average_grid_rotor_inverter_phase_2_temperature": -8.469783782958984,
        "average_grid_rotor_inverter_phase_3_temperature": -116.0882339477539,
        "grid_production_current_phase_2_average": -44.70478057861328,
        "grid_production_power_maximum": -80.96720123291016,
        "grid_production_possible_capacitive_power_standard_deviation": -61.86693572998047,
        "generator_bearing2_temperature_average": -78.79312896728516,
        "var_windspeed2": -28.62049674987793
    },
    "GENERATOR": {
        "hydraulic_group_oil_temperature_average": -161.45065307617188,
        "average_nacelle_temperature": -231.72459411621094,
        "latest_average_reactive_power_generated_by_generator_0": -93.23121643066406,
        "average_spinner_temperature": -0.260089635848999,
        "grid_production_voltage_phase_1_average": -392.25946044921875,
        "grid_production_reactive_power_maximum": -183.01416015625
    },
    "HYDRAULIC_GROUP": {
        "generator_rotations_per_minute_std": -61.57208251953125,
        "hydraulic_group_oil_temperature_average": -285.08172607421875,
        "average_nacelle_temperature": -116.61604309082031,
        "average_ambient_wind_speed": -13.334929466247559,
        "average_ambient_temperature": -28.828601837158203,
        "average_high_voltage_transformer_phase_2_temperature": -28.22998046875,
        "average_controller_hub_temperature": -99.56558227539062,
        "average_controller_vcp_(variable_control_panel)_temperature": -20.645587921142578,
        "average_spinner_temperature": -182.1539306640625,
        "maximum_blades_pitch_angle": -81.95382690429688,
        "average_controller_vcp_choke_coil_temperature": -24.89096450805664,
        "average_grid_rotor_inverter_phase_3_temperature": -132.9986572265625,
        "grid_production_power_average": -9.288379669189453,
        "grid_production_voltage_phase_1_average": -96.63714599609375,
        "grid_production_voltage_phase_2_average": -495.2353820800781,
        "grid_production_voltage_phase_3_average": -154.845947265625,
        "grid_production_current_phase_1_average": -17.430953979492188,
        "grid_production_possible_power_maximum": -22.435226440429688,
        "generator_bearing2_temperature_average": -41.26349639892578
    },
    "GENERATOR_BEARING": {
        "average_ambient_temperature": -57.18259048461914,
        "latest_average_reactive_power_generated_by_generator_0": -109.09955596923828,
        "average_high_voltage_transformer_phase_1_temperature": -314.3243408203125,
        "average_high_voltage_transformer_phase_2_temperature": 53.75498580932617,
        "average_high_voltage_transformer_phase_3_temperature": -579.9195556640625,
        "average_controller_top_temperature": -97.61434936523438,
        "average_grid_rotor_inverter_phase_3_temperature": -87.32046508789062,
        "grid_production_voltage_phase_2_average": -400.5115966796875,
        "grid_production_voltage_phase_3_average": -140.9824676513672,
        "grid_production_power_maximum": -65.06112670898438,
        "ambient_wind_speed_estimated_average": -24.70123291015625,
        "grid_production_power_standard_deviation": -40.113746643066406,
        "generator_bearing2_temperature_average": -247.28497314453125,
        "average_atmospheric_pressure": -220.98016357421875
    },
    "TRANSFORMER": {
        "generator_rotations_per_minute_std": -32.993141174316406,
        "hydraulic_group_oil_temperature_average": -196.8986053466797,
        "latest_average_total_active_power": -12.551149368286133,
        "average_high_voltage_transformer_phase_3_temperature": -468.19842529296875,
        "average_grid_inverter_phase_1_temperature": -75.44174194335938,
        "average_spinner_temperature": -215.6339569091797,
        "grid_production_power_average": -7.837466716766357,
        "grid_production_voltage_phase_2_average": -521.220458984375,
        "grid_production_current_phase_1_average": -30.09381866455078,
        "grid_production_power_minimum": -68.28131103515625,
        "max_ambienttemp": -2.7645583152770996
    }
}